sequence,mpnn_score,el_rank,presentation_score,pdb_path,target_pdb
MIPDRHFPL,1.3682,0.3096249999999997,0.0,,data/decoy_d/GILGFVFTL/target_pdb/pmhc_GILGFVFTL_HLA-A0201.pdb
MIPETHYPL,1.4057,0.2399999999999998,0.0,,data/decoy_d/GILGFVFTL/target_pdb/pmhc_GILGFVFTL_HLA-A0201.pdb
MIPDRHYPL,1.4277,0.3233749999999997,0.0,,data/decoy_d/GILGFVFTL/target_pdb/pmhc_GILGFVFTL_HLA-A0201.pdb
MIPDVHYPL,1.448,0.110375,0.0,,data/decoy_d/GILGFVFTL/target_pdb/pmhc_GILGFVFTL_HLA-A0201.pdb
MIPDTHYPL,1.4494,0.2019999999999999,0.0,,data/decoy_d/GILGFVFTL/target_pdb/pmhc_GILGFVFTL_HLA-A0201.pdb
MIPDTHFPL,1.4545,0.1858749999999999,0.0,,data/decoy_d/GILGFVFTL/target_pdb/pmhc_GILGFVFTL_HLA-A0201.pdb
MILDTHYPL,1.4595,0.049,0.0,,data/decoy_d/GILGFVFTL/target_pdb/pmhc_GILGFVFTL_HLA-A0201.pdb
MIPETHFPL,1.4596,0.2204999999999999,0.0,,data/decoy_d/GILGFVFTL/target_pdb/pmhc_GILGFVFTL_HLA-A0201.pdb
MIPDTVFPL,1.4699,0.0755,0.0,,data/decoy_d/GILGFVFTL/target_pdb/pmhc_GILGFVFTL_HLA-A0201.pdb
MIPERHFPL,1.4712,0.3826249999999996,0.0,,data/decoy_d/GILGFVFTL/target_pdb/pmhc_GILGFVFTL_HLA-A0201.pdb
MIPSVHYPL,1.5082,0.2641249999999998,0.0,,data/decoy_d/GILGFVFTL/target_pdb/pmhc_GILGFVFTL_HLA-A0201.pdb
GIPDTHYPL,1.5285,0.5591249999999995,0.0,,data/decoy_d/GILGFVFTL/target_pdb/pmhc_GILGFVFTL_HLA-A0201.pdb
MIPSQHFPL,1.5385,0.6493749999999995,0.0,,data/decoy_d/GILGFVFTL/target_pdb/pmhc_GILGFVFTL_HLA-A0201.pdb
MIPETHFSL,1.5431,0.2318749999999998,0.0,,data/decoy_d/GILGFVFTL/target_pdb/pmhc_GILGFVFTL_HLA-A0201.pdb
MIPDTHFNL,1.5464,0.3171249999999997,0.0,,data/decoy_d/GILGFVFTL/target_pdb/pmhc_GILGFVFTL_HLA-A0201.pdb
MIPDKHFTL,1.5469,0.2574999999999998,0.0,,data/decoy_d/GILGFVFTL/target_pdb/pmhc_GILGFVFTL_HLA-A0201.pdb
AIPDTHYPL,1.552,0.4282499999999997,0.0,,data/decoy_d/GILGFVFTL/target_pdb/pmhc_GILGFVFTL_HLA-A0201.pdb
MIPDTSYPL,1.553,0.14725,0.0,,data/decoy_d/GILGFVFTL/target_pdb/pmhc_GILGFVFTL_HLA-A0201.pdb
MIPEQHFNL,1.5544,0.4131249999999996,0.0,,data/decoy_d/GILGFVFTL/target_pdb/pmhc_GILGFVFTL_HLA-A0201.pdb
GIPDVHYPL,1.5608,0.3373749999999997,0.0,,data/decoy_d/GILGFVFTL/target_pdb/pmhc_GILGFVFTL_HLA-A0201.pdb
MIPTVSYPL,1.5621,0.2602499999999998,0.0,,data/decoy_d/GILGFVFTL/target_pdb/pmhc_GILGFVFTL_HLA-A0201.pdb
MIPDVHFPL,1.5746,0.10225,0.0,,data/decoy_d/GILGFVFTL/target_pdb/pmhc_GILGFVFTL_HLA-A0201.pdb
MIPSTHFPL,1.5762,0.5266249999999995,0.0,,data/decoy_d/GILGFVFTL/target_pdb/pmhc_GILGFVFTL_HLA-A0201.pdb
GIMDTHFPL,1.5781,0.09425,0.0,,data/decoy_d/GILGFVFTL/target_pdb/pmhc_GILGFVFTL_HLA-A0201.pdb
MIPDLHFPL,1.5867,0.132125,0.0,,data/decoy_d/GILGFVFTL/target_pdb/pmhc_GILGFVFTL_HLA-A0201.pdb
MIPRTHYPL,1.5876,1.2119999999999989,0.0,,data/decoy_d/GILGFVFTL/target_pdb/pmhc_GILGFVFTL_HLA-A0201.pdb
MIPDKHYPL,1.5892,0.2427499999999998,0.0,,data/decoy_d/GILGFVFTL/target_pdb/pmhc_GILGFVFTL_HLA-A0201.pdb
MIPEKAFPL,1.599,0.2229999999999999,0.0,,data/decoy_d/GILGFVFTL/target_pdb/pmhc_GILGFVFTL_HLA-A0201.pdb
GIPDQHFPL,1.6097,0.6454999999999995,0.0,,data/decoy_d/GILGFVFTL/target_pdb/pmhc_GILGFVFTL_HLA-A0201.pdb
MIPEIHYPL,1.6279,0.116875,0.0,,data/decoy_d/GILGFVFTL/target_pdb/pmhc_GILGFVFTL_HLA-A0201.pdb
MIPSEHFPL,1.6298,0.5909999999999995,0.0,,data/decoy_d/GILGFVFTL/target_pdb/pmhc_GILGFVFTL_HLA-A0201.pdb
MIPTRHFTL,1.6438,1.1746249999999991,0.0,,data/decoy_d/GILGFVFTL/target_pdb/pmhc_GILGFVFTL_HLA-A0201.pdb
MIPDKNYPL,1.6453,0.2082499999999999,0.0,,data/decoy_d/GILGFVFTL/target_pdb/pmhc_GILGFVFTL_HLA-A0201.pdb
SIPSRHFAL,1.6738,1.346999999999999,0.0,,data/decoy_d/GILGFVFTL/target_pdb/pmhc_GILGFVFTL_HLA-A0201.pdb
MILDEHYPL,1.6899,0.0695,0.0,,data/decoy_d/GILGFVFTL/target_pdb/pmhc_GILGFVFTL_HLA-A0201.pdb
SIPDLHYTL,1.7116,0.2456249999999998,0.0,,data/decoy_d/GILGFVFTL/target_pdb/pmhc_GILGFVFTL_HLA-A0201.pdb
MIMSTDYPL,1.7186,0.084625,0.0,,data/decoy_d/GILGFVFTL/target_pdb/pmhc_GILGFVFTL_HLA-A0201.pdb
MIPDRDFAL,1.72,0.3788749999999997,0.0,,data/decoy_d/GILGFVFTL/target_pdb/pmhc_GILGFVFTL_HLA-A0201.pdb
MIPAQHYAL,1.7411,0.932499999999999,0.0,,data/decoy_d/GILGFVFTL/target_pdb/pmhc_GILGFVFTL_HLA-A0201.pdb
MIPQVHYSL,1.7687,0.3586249999999997,0.0,,data/decoy_d/GILGFVFTL/target_pdb/pmhc_GILGFVFTL_HLA-A0201.pdb
MIPQVSYSL,1.8304,0.2674999999999998,0.0,,data/decoy_d/GILGFVFTL/target_pdb/pmhc_GILGFVFTL_HLA-A0201.pdb
MIPMDHYPL,1.9762,1.388749999999999,0.0,,data/decoy_d/GILGFVFTL/target_pdb/pmhc_GILGFVFTL_HLA-A0201.pdb
GILGFVFTL,2.5585,0.097,0.0,,data/decoy_d/GILGFVFTL/target_pdb/pmhc_GILGFVFTL_HLA-A0201.pdb
